{"6. Entropy of the Labels":2.5032583347756456,"3. Number of Unique Users":1,"4. Most Frequent Label and Its Percentage":["cihaz => 200.0%"],"5. List of Labels and Their Percentages":["bayi  => 11.11111111111111%","cihaz => 22.22222222222222%","numara  => 11.11111111111111%","telefon => 22.22222222222222%","konu  => 22.22222222222222%","müşteri => 11.11111111111111%"],"1. Number of Assignments":1,"2. Number of Unique Assignments":1}