{"6. Entropy of the Labels":0.9697238998682474,"3. Number of Unique Users":1,"4. Most Frequent Label and Its Percentage":["işlem => 200.0%"],"5. List of Labels and Their Percentages":["işlem => 33.33333333333333%","bilgi  => 16.666666666666664%","hat  => 16.666666666666664%","cihaz => 16.666666666666664%","konu  => 16.666666666666664%"],"1. Number of Assignments":1,"2. Number of Unique Assignments":1}